{
  "$schema": "../icon.schema.json",
  "contributors": [
    "karsa-mistmere",
    "danielbayley"
  ],
  "tags": [
    "filter",
    "sort",
    "ascending",
    "descending",
    "increasing",
    "decreasing",
    "rising",
    "falling",
    "alphabetical",
    "reverse"
  ],
  "categories": [
    "text",
    "layout",
    "arrows"
  ],
  "aliases": [
    {
      "name": "arrow-up-za",
      "deprecationReason": "alias.name",
      "deprecated": true,
      "toBeRemovedInVersion": "v1.0"
    }
  ]
}
