{
  "$schema": "../icon.schema.json",
  "contributors": [
    "danielbayley",
    "jguddas"
  ],
  "tags": [
    "code",
    "coding",
    "version control",
    "git",
    "repository",
    "template",
    "draft",
    "script",
    "screenplay",
    "writing",
    "writer",
    "author",
    "unwritten",
    "unpublished",
    "untold"
  ],
  "categories": [
    "development"
  ],
  "aliases": [
    {
      "name": "book-template",
      "deprecationReason": "alias.name",
      "deprecated": true,
      "toBeRemovedInVersion": "v1.0.0"
    }
  ]
}
