{
  "$schema": "../icon.schema.json",
  "contributors": [
    "colebemis",
    "ericfennis"
  ],
  "tags": [
    "cancel",
    "close",
    "delete",
    "remove",
    "times",
    "clear",
    "error",
    "incorrect",
    "wrong",
    "mistake",
    "failure",
    "linter",
    "multiply",
    "multiplication"
  ],
  "categories": [
    "math",
    "development"
  ],
  "aliases": [
    {
      "name": "x-circle",
      "deprecationReason": "alias.name",
      "deprecated": true,
      "toBeRemovedInVersion": "v1.0"
    }
  ]
}
