{
  "$schema": "../icon.schema.json",
  "contributors": [
    "mittalyashu",
    "danielbayley",
    "karsa-mistmere",
    "ericfennis"
  ],
  "tags": [
    "loading",
    "wait",
    "busy",
    "progress",
    "spinner",
    "spinning",
    "throbber",
    "circle"
  ],
  "categories": [
    "cursors",
    "multimedia",
    "layout"
  ],
  "aliases": [
    {
      "name": "loader-2",
      "deprecationReason": "alias.name",
      "deprecated": true,
      "toBeRemovedInVersion": "v1.0"
    }
  ]
}
