{
  "$schema": "../icon.schema.json",
  "contributors": [
    "danielbayley"
  ],
  "tags": [
    "lines",
    "list",
    "queue",
    "preview",
    "panel",
    "paragraphs",
    "parallel",
    "series",
    "split",
    "vertical",
    "horizontal",
    "half",
    "center",
    "middle",
    "even",
    "drawer"
  ],
  "categories": [
    "layout",
    "design",
    "text"
  ],
  "aliases": [
    {
      "name": "rows",
      "deprecationReason": "alias.name",
      "deprecated": true,
      "toBeRemovedInVersion": "v1.0"
    }
  ]
}
