{
  "$schema": "../icon.schema.json",
  "contributors": [
    "danielbayley"
  ],
  "tags": [
    "pulse",
    "action",
    "motion",
    "movement",
    "exercise",
    "fitness",
    "healthcare",
    "heart rate monitor",
    "vital signs",
    "vitals",
    "emergency room",
    "er",
    "intensive care",
    "hospital",
    "defibrillator",
    "earthquake",
    "siesmic",
    "magnitude",
    "richter scale",
    "aftershock",
    "tremor",
    "shockwave",
    "audio",
    "waveform",
    "synthesizer",
    "synthesiser",
    "music"
  ],
  "categories": [
    "medical",
    "social",
    "science",
    "multimedia"
  ],
  "aliases": [
    {
      "name": "activity-square",
      "deprecationReason": "alias.name",
      "deprecated": true,
      "toBeRemovedInVersion": "v1.0"
    }
  ]
}
