{
  "$schema": "../icon.schema.json",
  "contributors": [
    "colebemis",
    "ericfennis"
  ],
  "tags": [
    "subtract",
    "remove",
    "decrease",
    "reduce",
    "calculator",
    "button",
    "keyboard",
    "line",
    "divider",
    "separator",
    "horizontal rule",
    "hr",
    "html",
    "markup",
    "markdown",
    "---",
    "toolbar",
    "operator",
    "code",
    "coding",
    "minimum",
    "downgrade"
  ],
  "categories": [
    "math",
    "development",
    "text",
    "tools",
    "devices"
  ],
  "aliases": [
    {
      "name": "minus-square",
      "deprecationReason": "alias.name",
      "deprecated": true,
      "toBeRemovedInVersion": "v1.0"
    }
  ]
}
